{
    "Al Horford": {
        "mean_x": 10.3233266622,
        "mean_y": 70.397153658,
        "std_x": 87.2028223879,
        "std_y": 78.1943745409
    },
    "Anthony Davis": {
        "mean_x": -9.3002944063,
        "mean_y": 64.6373895976,
        "std_x": 80.1252568672,
        "std_y": 75.1928042552
    },
    "Chris Paul": {
        "mean_x": 6.27074964,
        "mean_y": 109.8375653756,
        "std_x": 98.9161529402,
        "std_y": 88.06919816
    },
    "Damian Lillard": {
        "mean_x": -11.1007511267,
        "mean_y": 118.4841261893,
        "std_x": 104.3629890239,
        "std_y": 103.8406316248
    },
    "Draymond Green": {
        "mean_x": -9.2913463923,
        "mean_y": 99.3429209026,
        "std_x": 94.7882805099,
        "std_y": 103.2988262521
    },
    "Giannis Antetokounmpo": {
        "mean_x": -11.215969216,
        "mean_y": 60.7147667148,
        "std_x": 74.2400865903,
        "std_y": 83.1770366791
    },
    "James Harden": {
        "mean_x": 5.280591556,
        "mean_y": 115.3403832392,
        "std_x": 105.5620592138,
        "std_y": 100.1994749591
    },
    "Jimmy Butler": {
        "mean_x": 20.3566501104,
        "mean_y": 74.4434326711,
        "std_x": 108.7477405379,
        "std_y": 84.2249093415
    },
    "Joel Embiid": {
        "mean_x": -10.1794214573,
        "mean_y": 87.9223727572,
        "std_x": 72.4014097456,
        "std_y": 93.9777028013
    },
    "Karl-Anthony Towns": {
        "mean_x": -7.1571538758,
        "mean_y": 72.6093328191,
        "std_x": 84.0253772104,
        "std_y": 88.7874174544
    },
    "Kawhi Leonard": {
        "mean_x": 9.9476584022,
        "mean_y": 79.8436233998,
        "std_x": 114.4650428924,
        "std_y": 82.8547107597
    },
    "Kevin Durant": {
        "mean_x": 9.6211614856,
        "mean_y": 101.023708935,
        "std_x": 101.7068905431,
        "std_y": 88.0245450861
    },
    "Kyrie Irving": {
        "mean_x": 5.0044091711,
        "mean_y": 92.7775573192,
        "std_x": 111.8336086169,
        "std_y": 90.8444108929
    },
    "Lebron James": {
        "mean_x": -8.6476771787,
        "mean_y": 76.3364276026,
        "std_x": 104.6692997366,
        "std_y": 89.3211571717
    },
    "Nikola Jokic": {
        "mean_x": -2.3396528705,
        "mean_y": 80.9001335113,
        "std_x": 71.1673271331,
        "std_y": 92.9849878891
    },
    "Paul George": {
        "mean_x": 7.0351383104,
        "mean_y": 108.3874826445,
        "std_x": 120.6616379538,
        "std_y": 96.147621477
    },
    "Rudy Gobert": {
        "mean_x": -1.4727408514,
        "mean_y": 14.6769977595,
        "std_x": 19.3961272806,
        "std_y": 26.409108603
    },
    "Russell Westbrook": {
        "mean_x": -2.3086693154,
        "mean_y": 85.0407737901,
        "std_x": 89.0542165168,
        "std_y": 85.8897097472
    },
    "Stephen Curry": {
        "mean_x": -0.1555574211,
        "mean_y": 130.6837642713,
        "std_x": 124.3879775776,
        "std_y": 101.5160033134
    },
    "Victor Oladipo": {
        "mean_x": 3.946703109,
        "mean_y": 103.6909805261,
        "std_x": 98.6033385786,
        "std_y": 96.0084888465
    }
}